<?xml version="1.0" encoding="utf-8"?>
<odoo>
	<data noupdate="1">
	    <record id="bank_tansfert_valid" model="res.groups">
	        <field name="name">Bank trans. valid.</field>
        </record>
		<record id="bank_transfer_draft" model="res.groups">
	        <field name="name">Set Bank Transfer to Draft</field>
        </record>
		<record id="bank_transfer_reject" model="res.groups">
	        <field name="name">Reject Bank Transfer</field>
        </record>
		<!--multy company rules for Bank Transfert -->
		<record id="bank_transfer_comp_rule" model="ir.rule">
			<field name="name">Bank Transfert multi-company</field>
			<field name="model_id" ref="model_nh_3n_bank_transfert"/>
			<field name="global" eval="True"/>
			<field name="domain_force">['|',('company_id','=',False),('company_id','child_of',[user.company_id.id])]</field>
		</record>
		<!-- Branch security rules for Bank transfert Object [Branch User]-->
		<record id="bank_transfert_branch_user_rule" model="ir.rule">
			<field name="name">Bank Transfer configuration access for branch user</field>
			<field name="model_id" ref="model_nh_3n_bank_transfert"/>
			<field name="global" eval="True"/>
			<field name="domain_force">['|',('branch_id','=',False),('branch_id','=',user.branch_id.id)]</field>
			<field name="groups" eval="[(4, ref('branch.group_branch_user'))]"/>
		</record>
		<!-- Branch security rules for Bank transfert Object [Branch Manager] -->
		<record id="bank_transfert_branch_manager_rule" model="ir.rule">
			<field name="name">Bank Transfer configuration access for branch Manager</field>
			<field name="model_id" ref="model_nh_3n_bank_transfert"/>
			<field name="global" eval="True"/>
			<field name="domain_force">['|',('branch_id','=',False),('branch_id','in',[branch.id for branch in user.branch_ids])]</field>
			<field name="groups" eval="[(4, ref('branch.group_branch_user_manager'))]"/>
    	</record>
	</data>
</odoo>
